Marca temporal,1. Nombre completo,  2. Correo electrónico institucional  ,3. Universidad,"  4. Facultad, instituto o unidad académica  ","5. Departamento, escuela o programa  ",6. Vínculo con la universidad,7. Grado académico máximo,9. Disciplina o disciplinas principales,  10. Subdisciplina o especialidad  ,11. Palabras clave que definen su investigación,12. Sellos del proyecto con los que te identificas  ,"13.  Metodologías, aproximaciones o capacidades que utiliza (marcar todas las que corresponden)",14. Experiencia previa en investigación inter o transdisciplinaria  ,15. ¿Trabaja actualmente con actores externos a su instituto/unidad?,16. Indique brevemente con qué actores trabajas principalmente,"17.  ¿Qué conocimientos, capacidades o herramientas podría aportar a un trabajo interdisciplinario?
","18.  ¿Qué conocimientos, perspectivas, disciplinas o capacidades le interesaría encontrar en otros/as participantes?",19. Confirmación de participación en la jornada presencial,20. Autorización de uso de la información  ,QR
11/09/2026 16:37:38,Loreto Quiroz,loreto.quiroz@uoh.cl,Universidad de O'Higgins (UOH),ICSO,ICSO,Académico/a de planta,Doctorado,"Sociología, Ciencia política, Derecho",sOCIOLGÍA JURÍDCIA,VIOLENCIA DERECHO SEGURIDAD,Derechos Humanos,"Entrevistas, Análisis documentales",sI,Sí,VIODEMOS Y NUCLEO COMPLEJIDAD CRIMINAL,"conocimientos conceptuales, metodologías, acceso a fuentes o datos",,Aún no puedo confirmar,Autorizo el uso de la información entregada para la conformación de la ficha preliminar de líneas de investigación del proyecto y para ser contactado/a en etapas posteriores.,
11/09/2026 23:21:50,Andrea Monserratt Cortés Saavedra,andrea.cortes@postdoc.uoh.cl,Universidad de O'Higgins (UOH),Instituto de Ciencias de la Educación,,Investigador/a postdoctoral,Doctorado,"Antropología, Sociología, Educación, Comunicación, Estudios urbanos/territoriales","estudios culturales, estudios sociales de la infancia","migración, infancias, estudios multimodales, estudios mediales","Patrimonio, Liderazgo de mujeres","Etnografías, Métodos espaciales/cartográficos, Entrevistas, Metodologías participativas, Análisis documentales","Tengo experiencia en investigación interdisciplinaria en el ámbito de las comunicaciones, sociología de la educación, estudios migratorios y sociología de la infancia,",Sí,comunidades escolares,"conocimientos conceptuales, metodologías, acceso a fuentes o datos, experiencia territorial",me gustaría conectar con investigadores que desarrollen investigación histórica del territorio y también trabajar con colegas que desarrollen metodologías creativas de investigación.,Confirmo mi participación,Autorizo el uso de la información entregada para la conformación de la ficha preliminar de líneas de investigación del proyecto y para ser contactado/a en etapas posteriores.,
12/09/2026 13:14:43,Ismael Gallardo,igallardo@utalca.cl,Universidad de Talca (UTalca),Psicología,,Académico/a de planta,Doctorado,"Psicología, Comunicación","Psicología Social, influencia social","Actitudes, Realidad virtual, influencia. ","Patrimonio, Derechos Humanos, Liderazgo de mujeres, Salud mental",Metodologías cuantitativas,Sí ( :-) ),Sí,"Psicólogos, Agrónomas/os, Sociólogas/os, Ingenieros, Programadores de RVirtual. Pertenecen a la UTAL, Universidad de Chile, UCDavis, Univ. Autónoma de Madrid y UniCatt de Milán.  ","conocimientos conceptuales, metodologías, acceso a fuentes o datos",Innovación en HACS,Confirmo mi participación,Autorizo el uso de la información entregada para la conformación de la ficha preliminar de líneas de investigación del proyecto y para ser contactado/a en etapas posteriores.,
12/09/2026 15:10:23,Mauricio Lorca,mauricio.lorca@utalca.cl,Universidad de Talca (UTalca),Instituto de Estudios Humanísticos J.I. Molina,IEH,Académico/a de planta,Doctorado,"Historia, Antropología, Estudios urbanos/territoriales",Patrimonio,"Patrimonio, historia ambiental, ecología política, justicia ambiental","Patrimonio, Derechos Humanos","Etnografías, Métodos espaciales/cartográficos, Entrevistas, Análisis histórico, Metodologías participativas, Investigación/creación, Análisis documentales","Sí, en general, es lo que hago",Sí,"Museos, asociaciones gremiales, empresarios gastronómicos, otras universidades, etc.","conocimientos conceptuales, metodologías, acceso a fuentes o datos, experiencia territorial, investigación-creación",Capacidad y voluntad de trabajo en equipo ,Confirmo mi participación,Autorizo el uso de la información entregada para la conformación de la ficha preliminar de líneas de investigación del proyecto y para ser contactado/a en etapas posteriores.,
12/09/2026 16:30:38,Víctor Brangier,victor.brangier@utalca.cl,Universidad de Talca (UTalca),Instituto de Estudios Humanísticos,,Académico/a de planta,Doctorado,Historia,Historia rural y económica,"Historia agraria, derechos a la tierra, América Latina y Chile contemporáneos","Patrimonio, Derechos Humanos","Análisis histórico, Investigación/creación, Análisis documentales","Sí, con Abogados e historiadores del derecho agrario",Sí,"Otras universidades (América Latina, España, Francia, Italia)","conocimientos conceptuales, metodologías, acceso a fuentes o datos, investigación-creación","Ruralidad, soberanía alimentaria, medioambiente",Confirmo mi participación,Autorizo el uso de la información entregada para la conformación de la ficha preliminar de líneas de investigación del proyecto y para ser contactado/a en etapas posteriores.,
13/09/2026 13:39:51,Gustavo Rayo,grayo@utalca.cl,Universidad de Talca (UTalca),Ciencias Jurídicas y Sociales ,Escuela de Ciencia Política y Administración Pública ,Académico/a de planta,Doctorado,"Historia, Sociología, Ciencia política",Políticas públicas ,"Inmigración, impacto cultural, territorio ",Derechos Humanos,"Metodologías cuantitativas, Etnografías, Métodos mixtos, Análisis histórico, Metodologías participativas, Análisis documentales",Estrategia de desarrollo territorial ,No,,"conocimientos conceptuales, metodologías, acceso a fuentes o datos",,Confirmo mi participación,Autorizo el uso de la información entregada para la conformación de la ficha preliminar de líneas de investigación del proyecto y para ser contactado/a en etapas posteriores.,
14/09/2026 9:37:42,Mario Herrera,mherreram@utalca.cl,Universidad de Talca (UTalca),FCJS,,Académico/a de planta,Doctorado,Ciencia política,,partidos políticos; descentralización; migración,"Derechos Humanos, Liderazgo de mujeres","Metodologías cuantitativas, Métodos mixtos",,Sí,"Municipios, GOREs, otras universidades","conocimientos conceptuales, metodologías, acceso a fuentes o datos, experiencia territorial",,Confirmo mi participación,Autorizo el uso de la información entregada para la conformación de la ficha preliminar de líneas de investigación del proyecto y para ser contactado/a en etapas posteriores.,
14/09/2026 14:58:38,Javier Bustamante Álvarez,javier.bustamante@uoh.cl,Universidad de O'Higgins (UOH),Instituto de Ciencias Sociales,,Académico a contrata,Doctorado,Psicología,Psicología experimental,"Procesos cognitivos en seres humanos, con foco en aprendizaje asociativo y atención. De manera secundaria, interés en aplicaciones a condiciones de salud mental, y modelamiento de procesos cognitivos, específicamente aprendizaje asociativo. ",Salud mental,Metodologías cuantitativas,Experiencia muy inicial en colaboración con especialistas en modelamiento matemático.,Sí,Investigadores de otras universidades.,"conocimientos conceptuales, metodologías, acceso a fuentes o datos",Metodologías novedosas; conceptualizaciones distintas a las de mi área.,Confirmo mi participación,Autorizo el uso de la información entregada para la conformación de la ficha preliminar de líneas de investigación del proyecto y para ser contactado/a en etapas posteriores.,
21/09/2026 21:48:42,José Mela Contreras,jose.mela@uoh.cl,Universidad de O'Higgins (UOH),ICEd,,Académico/a de planta,Doctorado,"Artes visuales, Educación",Educación artística,educación artística; artes e interculturalidad; infancia migrante,Derechos Humanos,"Entrevistas, Metodologías participativas, Investigación/creación, Análisis documentales","Mi investigación en el fondecyt de iniciación se basa en el uso combinado de tres disciplinas: cine (artes), educación e interculturalidad",Sí,Actualmente trabajo con comunidades escolares de instituciones públicas,"conocimientos conceptuales, metodologías, acceso a fuentes o datos, investigación-creación",trabajo colaborativo en inteligencia artificial,Confirmo mi participación,Autorizo el uso de la información entregada para la conformación de la ficha preliminar de líneas de investigación del proyecto y para ser contactado/a en etapas posteriores.,
23/09/2026 13:21:15,Alejandro Viveros Espinosa,alejandro.viveros@utalca.cl,Universidad de Talca (UTalca),Instituto de Estudios Humanísticos,Instituto de Estudios Humanísticos,Académico/a de planta,Doctorado,"Filosofía, Historia, Literatura, Antropología",Literatura,"Mesoamérica, filosofía política, mundo colonial, América Latina, etnohistoria","Patrimonio, Derechos Humanos, Liderazgo de mujeres","Etnografías, Investigación/creación",Proyecto ANILLO-ANID,Sí,otras universidades nacionales e internacionales,conocimientos conceptuales,Experiencia en investigación-creación,Confirmo mi participación,Autorizo el uso de la información entregada para la conformación de la ficha preliminar de líneas de investigación del proyecto y para ser contactado/a en etapas posteriores.,
23/09/2026 15:36:03,José Miguel Ramos,jramos@utalca.cl,Universidad de Talca (UTalca)," Facultad de Arquitectura, música y diseño",Departamento de teoría musical,Académico/a de planta,Doctorado,"Historia, Música/musicología",Musicología histórica,"Musica colonial, patrimonio, ordenes religiosas, misiones",Patrimonio,"Métodos mixtos, Análisis histórico, Investigación/creación, Análisis documentales","He liderado varios proyetos de rescate documental, patrimonial especificamente de partituras y de documentos musicales de los siglos XVIII y XIX, trabajando con archivistas, historiadores e interpretes musicales.",Sí,"Archivos eclesiasticos de Perú, Bolivia y España","metodologías, acceso a fuentes o datos, experiencia territorial","Capacidad de trabajar colaborativamente en proyectos de investigación vinculados al territorio del valle central, desde una óptica desentralizadora y en permanente dialogo co las comunidades. Me interesan los trabajos más allá del paper. Las acciones que tranfieran la investigación a la acción conreta en las comunidades.",Confirmo mi participación,Autorizo el uso de la información entregada para la conformación de la ficha preliminar de líneas de investigación del proyecto y para ser contactado/a en etapas posteriores.,
23/09/2026 19:27:07,Johanna Kreither,jkreither@utalca.cl,Universidad de Talca (UTalca),Psicologia,Psicologia,Académico/a de planta,Doctorado,"Psicología, Teatro y artes escénicas, Neurociencia cognitiva y afectiva",,reconocimiento emocional visual y auditivo,Salud mental,"Metodologías cuantitativas, Modelamientos computacionales, Investigación/creación","ensayo clinicos, neurociencia",Sí,otras universidades,"metodologías, acceso a fuentes o datos, investigación-creación",estudios de relevancia territorial,Confirmo mi participación,Autorizo el uso de la información entregada para la conformación de la ficha preliminar de líneas de investigación del proyecto y para ser contactado/a en etapas posteriores.,
24/09/2026 15:44:11,Ángel Andrés Valenzuela Muñoz,anvalenzuela@utalca.cl,Universidad de Talca (UTalca),Facultad de Psicología,,Académico/a de planta,Doctorado,"Lingüística, Psicología, Educación",,Lectura; Escritura; Psicolingüística,"Derechos Humanos, Salud mental","Metodologías cuantitativas, Métodos mixtos","Mi formación profesional es Pedagogía en lengua castellana, poseo un Magíster en política y gestión educacional, y realicé un Doctorado en Ciencias humanas en la línea de cognición y epistemología. Realicé mi postdoctorado y mi Fondecyt de iniciación postulando al grupo de Educación superior. Actualmente formo parte de la Facultad de psicología. En ese sentido, la aproximación que hacemos de la lectura y la escritura integra diferentes disciplinas y miradas, principalmente educación, psicología y lingüística.  ",Sí,"Hemos trabajado con instituciones educativas a nivel escolar (SLEP, DAEM y Liceos y escuelas). De forma particular con el SLEP Los Cerezos (Curicó), SLEP Los Alamos (Linares), Colegio San Ignacio (Talca), Liceo Amelia Courbis (Talca), etc. ","conocimientos conceptuales, metodologías, acceso a fuentes o datos, experiencia territorial, investigación-creación",Competencias metodológicas de sus áreas disciplinares,Confirmo mi participación,Autorizo el uso de la información entregada para la conformación de la ficha preliminar de líneas de investigación del proyecto y para ser contactado/a en etapas posteriores.,
25/09/2026 9:53:19,Javier Alejandro Soto Cárdenas,jasoto@utalca.cl,Universidad de Talca (UTalca),"Facultad de Arquitectura, Música y Diseño",Departamento de Teoría de la Música,"Investigador postulante a Fondecyt, Secretario de Redacción Revista Neuma",Doctorado,"Historia, Literatura, Educación","Historia Cultura, Análisis del Discurso, Literatura","historia mapuche, poesía mapuche, historia cultural",Patrimonio,"Entrevistas, Análisis histórico, Investigación/creación, Análisis documentales","Pertenezco a la Red Temática: ""Cambio transnacional, desigualdad social, intercambio intercultural y manifestaciones estéticas: el ejemplo de la Patagonia"" ​de la Universidad Friedrich Schiller de Jena, Alemania y universidades chilenas y argentinas, desde el 2014 a la actualidad. Becario ANID doctorado nacional 2016-2018. Postulante actual al Fondecyt de Iniciación. Tengo aceptado el 2026, 2 artículos Scopus Q1 sobre poesía y literatura mapuche y publicado 1 en el 2025, además más de una decena de artículo, capítulos de libros y libros de autoría propia. Soy evaluador del Fondo del Libro línea Novela.",Sí,"Soy investigador invitado por la universidad Friedrich Schiller de Jena, Alemania al proyecto: ""Cambio transnacional, desigualdad social, intercambio intercultural y manifestaciones estéticas: el ejemplo de la Patagonia"", DAAD. ​desde 2014 a la fecha. Trabajo con un equipo de investigadores de la literatura, la historia y el discurso del Universidad de Los Lagos. Trabajo principalmente con actores de la industria de libro. Escritores, poetas, libreros, editores.","conocimientos conceptuales, metodologías, acceso a fuentes o datos, experiencia territorial, investigación-creación",Me gustaría profundizar en el proyecto una línea que le ha propuesto a nuestro Decano Gonzalo Martinez en el borrador del proyecto respecto de la línea de formación para interculturalidad y los conflictos migratorios. Me gustaría profundizar y aportar en esas áreas de las Ciencias Humanas y Sociales.,Confirmo mi participación,Autorizo el uso de la información entregada para la conformación de la ficha preliminar de líneas de investigación del proyecto y para ser contactado/a en etapas posteriores.,
25/09/2026 18:16:35,Cristian Rojas Barahona ,c.rojas@utalca.cl,Universidad de Talca (UTalca),Facultad de Psicología ,Escuela de Psicología ,Académico/a de planta,Doctorado,"Psicología, Educación",Desarrollo cognitivo y socio afectivo ,Estimulación temprana de aspectos cognitivos y socioafectivos ,Salud mental,"Metodologías cuantitativas, Métodos mixtos","Núcleo milenio para las ciencias del aprendizaje en donde trabajando educadores, psicólogos y científicos ",Sí,"Colegios de Talca, Concepción y Santiago. Universidades del Talca, Concepción y Santiago ","conocimientos conceptuales, metodologías, acceso a fuentes o datos, experiencia territorial",Metodologías distintas ,Confirmo mi participación,Autorizo el uso de la información entregada para la conformación de la ficha preliminar de líneas de investigación del proyecto y para ser contactado/a en etapas posteriores.,
26/09/2026 18:00:01,Ricardo Carrasco Farfán ,ricardo.carrasco@uoh.cl,Universidad de O'Higgins (UOH),Vinculacion con el medio,Incubadora y Educación Audiovisual ,Docente y funcionario,Magíster,Cine,Audiovisual,Cine Creación Educación Creatividad,Patrimonio,"Etnografías, Entrevistas, Investigación/creación",,Sí,Comunidades vinculadas al cine,"conocimientos conceptuales, experiencia territorial, investigación-creación, Creatividad",,Confirmo mi participación,Autorizo el uso de la información entregada para la conformación de la ficha preliminar de líneas de investigación del proyecto y para ser contactado/a en etapas posteriores.,
28/09/2026 11:56:30,Osvaldo Farfan Ortega,osvaldo.farfan@utalca.cl,Universidad de Talca (UTalca),"Centro de Psicología Aplicada, Facultad de Psicología, Universidad de Talca ",Psicologia,Profesional de Investigación,Magíster,"Psicología, Educación",Psicología básica,"Salud mental, trabajo doméstico y de cuidados no remunerado",Salud mental,"Metodologías cuantitativas, Modelamientos computacionales",Sin experiencia inter/transdisciplinaria,No,,"conocimientos conceptuales, metodologías, acceso a fuentes o datos, investigación-creación","Experiencia territorial, psicología social/comunitaria, metodologías cualitativas/ participativas. ",Confirmo mi participación,Autorizo el uso de la información entregada para la conformación de la ficha preliminar de líneas de investigación del proyecto y para ser contactado/a en etapas posteriores.,
28/09/2026 17:20:17,Clemencia González Tugas,clemencia.gonzalez@uoh.cl,Universidad de O'Higgins (UOH),Dirección de Vinculación con el Medio,Dirección de Vinculación con el Medio,Profesional del proyecto Conocimientos 2030,Magíster,"Sociología, Artes visuales, Educación, Patrimonio",,Educación patrimonial y artística,"Patrimonio, Derechos Humanos","Entrevistas, Análisis histórico, Metodologías participativas, Investigación/creación","Sí. He participado en proyectos de investigación y desarrollo cultural de carácter interdisciplinario, articulando enfoques de las ciencias sociales, historia, patrimonio, artes, educación y memoria. Mi experiencia incluye el trabajo colaborativo con investigadores/as, historiadores/as, artistas, profesionales del patrimonio, diseñadores/as y comunidades, especialmente en proyectos de investigación histórica y patrimonial, archivos, memoria y derechos humanos.",Sí,"Trabajo principalmente con comunidades y organizaciones territoriales y culturales de la Región de O’Higgins; municipios y servicios públicos regionales; establecimientos educacionales; artistas, artesanos/as y colectivos culturales; organizaciones vinculadas a la memoria y los derechos humanos; y universidades públicas. Mi trabajo se concentra especialmente en Rancagua y distintas comunas de las provincias de Cachapoal, Colchagua y Cardenal Caro, articulando iniciativas de patrimonio, memoria, cultura y vinculación territorial.","conocimientos conceptuales, metodologías, acceso a fuentes o datos, experiencia territorial, investigación-creación", Perspectivas y capacidades provenientes de distintas disciplinas que permitan abordar los territorios de manera integral,Confirmo mi participación,Autorizo el uso de la información entregada para la conformación de la ficha preliminar de líneas de investigación del proyecto y para ser contactado/a en etapas posteriores.,
29/09/2026 11:39:56,María Paz Trebilcock Gac,maria.trebilcock@uoh.cl,Universidad de O'Higgins (UOH),ICso,,Académico/a de planta,Doctorado,"Sociología, Estudios urbanos/territoriales",desigualdades urbanas,"territorio, violencia, desigualdad","Derechos Humanos, Liderazgo de mujeres","Metodologías cuantitativas, Etnografías, Métodos mixtos, Métodos espaciales/cartográficos, Entrevistas, Metodologías participativas",viodemos,Sí,"académicos de otras universidades, municipios","conocimientos conceptuales, metodologías, acceso a fuentes o datos, experiencia territorial, investigación-creación",,Confirmo mi participación,Autorizo el uso de la información entregada para la conformación de la ficha preliminar de líneas de investigación del proyecto y para ser contactado/a en etapas posteriores.,